#,اسم الوظيفة
1,مهندس بنية تحتية مساعد
2,مدير إدارة البنية التحتية
3,مهندس نظم سحابية
4,مهندس اول تطبيقات
5,محلل بيانات
6,مدير إدارة
7,محلل أعمال
8,مدير إدارة الحوكمة
9,مدير إدارة التطبيقات
10,مطور برمجيات مساعد
11,مدير إدارة التطوير والابتكار
12,مدير إدارة تحليل البيانات الحكومية
13,عالم بيانات
14,محلل بيانات مساعد
15,مدير إدارة تحليل الروابط والانماط
16,مبرمج
17,مدير إدارة جودة البيانات
18,مهندس ذكاء اصطناعي مساعد
19,محلل أول بيانات
20,مدير إدارة الذكاء الاصطناعي
21,مدير إدارة بيانات تعلم الآلة
22,مهندس بيانات مساعد
23,مساعد الرئيس التنفيذي لقطاع تطوير المنتجات
24,كبير مهندسي البرمجيات
25,مستشار الرئيس التنفيذي للتطبيقات المتقدمة والمشرف على إدارة المراقبة الأمنية
26,أخصائي أمن سيبراني
27,اخصائي أمن سيبراني اول
28,مسؤول أمن سيبراني
29,مراقب مالي
30,باحث قانوني
31,أخصائي أول إدارة المشاريع
32,قائد فريق المشروع
33,مدير إدارة الشؤون التنظيمية
34,مدير إدارة الاتصالات الإدارية
35,أخصائي لجان ومجالس
36,مدير الإدارة العامة لأمانة اللجنة
37,نائب الرئيس التنفيذي لمنصات الاستشراف الأمنية المتقدمة
38,مدير إدارة الحوكمة والامتثال وإدارة المخاطر
39,مدير عام الإدارة العامة لشركاء أمان
40,مدير الإدارة العامة لمسار توكلنا
41,مدير الإدارة العامة لمسار بنك البيانات الوطني
42,مدير الإدارة العامة لمسار أمن المعلومات
43,مدير إدارة الرقابة والتدقيق والمعلومات الاستباقية
44,مدير الإدارة العامة للمشاريع الأمنية
45,باحث أول قانوني
46,مستشار لرئيس الهيئة والمشرف على الإدارة العامة لمسار السحابة الأمنية
47,مدير عام إدارة استمرارية الأعمال
48,مهندس بنية تحتية
49,محلل اعمال مساعد
50,مدير الإدارة العامة للربط والحوكمة
51,مسؤول مشاريع
52,مدير إدارة الربط
53,مدير الإدارة العامة لتطوير البرمجيات
54,مبرمج ويب
55,مطور مساعد
56,خبير
57,مطور
58,مدير الإدارة العامة للتحليل والذكاء الاصطناعي
59,محلل أول أعمال
60,مدير عام إدارة هندسة البيانات
61,مهندس بيانات
62,مدير مكتب الرئيس التنفيذي لقطاع تطوير المنتجات
63,خبير إدارة منتجات
64,مدير الإدارة العامة للمنتجات التحليلية
65,مدير منتج متقدم
66,مدير عام إدارة أمن المعلومات
67,محلل أمن المعلومات
68,مدير إدارة تطوير الأعمال والشراكات
69,نائب الرئيس التنفيذي لمنظومة إحسان
70,الرئيس التنفيذي لمنظومة إحسان
71,مدير إدارة التسويق و التواصل
72,أخصائي أول العلاقات العامة
73,رئيس قسم العلاقات العامة
74,مسؤول التسويق
75,أخصائي التسويق
76,أخصائي أول التسويق
77,أخصائي أول تجربة المستخدم
78,أخصائي أول دعم ومساندة
79,مدير ادارة تطوير الحلول التكنولجية
80,مسؤول تجربة المستخدم
81,اخصائي تجربه المستخدم
82,مدير قسم تجربة المستخدم
83,مسؤول إدارة المشاريع
84,مراقب أول مالي
85,مساعد مدير المركز لمنظومة توكلنا
86,مساعد مدير مشروع
87,أخصائي تصميم
88,مهندس برمجيات مساعد
89,مهندس برمجيات
90,مدير إدارة ذكاء الاعمال
91,مدير إدارة التوثيق
92,أخصائي شراكات
93,مدير إدارة التطوير التقني لمسار التواصل
94,مدير إدارة التطوير التقني لمسار التقنيات المشتركة
95,مهندس أول برمجيات
96,مدير إدارة إختبارات الأتمتة والأداء
97,أخصائي دعم الأعمال
98,أخصائي دعم أعمال مساعد
99,اخصائي تصميم مساعد
100,مدير إدارة دعم الأعمال
101,أخصائي أول دعم الأعمال
102,مدير إدارة دعم البيئة الحية والتشغيل التقني
103,أخصائي دعم البيئة الحية والتشغيل التقني
104,أخصائي أول دعم البيئة الحية والتشغيل التقني
105,اخصائي دعم البيئة الحية والتشغيل التقني مساعد
106,أخصائي أول دعم المستفيدين
107,اخصائي دعم المستفيدين مساعد
108,مدير إدارة دعم المستفيدين
109,مدير إدارة التطوير التقني لمسار الخدمات الأساسية
110,أخصائي دعم ومساندة
111,رئيس قسم تحليل النظم والدعم والمساندة
112,رئيس قسم الإعلام
113,اخصائي منتجات مساعد
114,أخصائي أول منتجات
115,مدير إدارة منتجات مسار التواصل
116,مدير إدارة منتجات مسار المدن الذكية
117,مدير إدارة منتجات مسار الخدمات الحكومية
118,اخصائي تخطيط مساعد
119,أخصائي تصميم خدمات الحوسبة السحابية
120,مدير إدارة تصميم خدمات الحوسبه السحابيه
121,أخصائي أول تصميم خدمات الحوسبة السحابية
122,مسؤول تصميم خدمات الحوسبة السحابية
123,أخصائي تشغيل التخزين والنسخ الإحتياطي للحوسبة السحابية
124,أخصائي تشغيل البنية التحتية للحوسبة السحابية
125,مسؤول تشغيل التخزين والنسخ الإحتياطي للحوسبة السحابية
126,أخصائي أول تشغيل التخزين والنسخ الإحتياطي للحوسبة السحابية
127,مدير إدارة تشغيل التخزين والنسخ الاحتياطي للحوسبة السحابية
128,مهندس أول أمن المعلومات
129,مدير إدارة الشبكة
130,اخصائي امن شبكات
131,مدير إدارة المنتجات التحليلية
132,مدير منتج
133,مراقب مالي مساعد
134,رئيس قسم تحليل الأعمال
135,رئيس قسم ضبط الجودة
136,مسؤول ضبط الجودة
137,أخصائي ضبط الجودة
138,أخصائي أول ضبط الجودة
139,مستشار امن المعلومات
140,مصمم أول جرافيكي
141,مدير مكتب مستشاري معالي رئيس الهيئة
142,مدير الإدارة العامة لتطوير تطبيقات النماذج التوليدية
143,أخصائي أول حوكمة المعمارية المؤسسية
144,اخصائي حوكمة الهيكلة المؤسسية
145,اخصائي حوكمة المعمارية المؤسسية مساعد
146,خبير معمارية مؤسسية
147,مدير إدارة حوكمة المعمارية المؤسسية
148,اخصائي أدوات الهيكلة المؤسسية
149,مدير إدارة معمارية أنظمة المعلومات
150,اخصائي هيكلة انظمة المعلومات
151,اخصائي أول هيكلة انظمة المعلومات
152,أخصائي أول الهيكلة المؤسسية
153,أخصائي أول معمارية البنية التقنية والأمن
154,أخصائي أول هيكلة البنية التقنية والأمن
155,أخصائي معمارية البنية التقنية والأمن
156,خبير إدارة وتخطيط هيكلة الاعمال
157,مدير إدارة معمارية البنية التقنية والأمن
158,أخصائي عمليات تخزين ونسخ احتياطي أول
159,أخصائي الأنظمة والشبكات الآمنة
160,أخصائي تخطيط ومعمارية الأعمال
161,مدير ادارة تخطيط الهيكلة المؤسسية
162,اخصائي تخطيط وهيكلة الأعمال
163,مدير إدارة الاستمرارية و الخدمات التقنية
164,مدير إدارة الجودة
165,مسؤول إجراءات تشغيل الخدمات
166,رئيس قسم إجراءات تشغيل الخدمات
167,اخصائي إجراءات تشغيل الخدمات
168,اخصائي أول إجراءات نقل الخدمات
169,اخصائي إجراءات نقل الخدمات
170,مسؤول إجراءات نقل الخدمات
171,رئيس قسم إجراءات نقل الخدمات
172,مساعد مدير مركز للأمن السيبراني
173,خبير حماية وخصوصية البيانات
174,نائب مساعد مدير المركز للأمن السيبراني
175,خبير أمن سيبراني
176,مدير الإدارة العامة للأنظمة
177,أخصائي تخطيط وهيكلة الأعمال مساعد
178,مدير الإدارة العامة للمعمارية المؤسسية
179,أخصائي هيكلة البنية التقنية والأمن مساعد
180,نائب مساعد مدير المركز للمنصات الوطنية
181,مساعد مدير المركز للتقنيات الرقمية
182,مساعد مدير المركز للحوسبة السحابية
183,مساعد مدير مركز المعلومات الوطني للمنصات الوطنية
184,أخصائي توثيق برمجيات مساعد
185,اخصائي اختبار البرمجيات
186,مساعد مدير مركز المعلومات الوطني لبنك البيانات
187,مساعد مدير مركز المعلومات الوطني للتعرف المتقدم والهوية
188,مساعد مدير مركز المعلومات الوطني لشؤون وزارة الداخلية
189,خبير استشارات اعمال
190,مدير مركز المعلومات الوطني
191,NIC Chief of Staff
192,نائب مساعد مدير المركز للحوسبة السحابية
193,مدير الإدارة العامة للجودة الشاملة
194,مدير الإدارة العامة لأستراتيجية وهيكلية الأمن السيبراني
195,مدير الإدارة العامة للحوكمة والالتزام والمخاطر
196,مدير الإدارة العامة للبيانات والصلاحيات
197,مدير الإدارة العامة لمركز عمليات الأمن السيبراني
198,مدير الإدارة العامة لإدارة حسابات العملاء
199,أخصائي حسابات العملاء
200,مسؤول دعم العملاء
201,مدير الإدارة العامة لدعم العملاء
202,أخصائي أول دعم العملاء
203,مدير الإدارة العامة للشبكات والاتصالات
204,نائب مساعد مدير المركز للتقنيات الرقمية
205,مدير برامج السحابة الخاصة
206,مدير الإدارة العامة لتشغيل التطبيقات وقواعد البيانات
207,مدير الإدارة العامة للصلاحيات وحماية الأنظمة
208,مدير الإدارة العامة لمراكز البيانات والطاقة
209,مدير الإدارة العامة للخدمات الرقمية
210,مدير الإدارة العامة للتخطيط وتميز الأعمال
211,مدير الإدارة العامة لحلول المنصات
212,مدير الإدارة العامة لحلول البيانات
213,مدير الإدارة العامة لجودة وحوكمة البيانات
214,مدير الإدارة العامة لتميز الحوسبة السحابية
215,مدير الإدارة العامة لهندسة وتصميم الحوسبة السحابية
216,مدير الإدارة العامه لتشغيل الحوسبة السحابية
217,خبير الهوية والصلاحية للحوسبة السحابية
218,مدير الإدارة العامة لأمن الحوسبة السحابية
219,مدير الإدارة العامة لتمكين الحوسبة السحابية
220,أخصائي تخطيط استراتيجي واستجابة سريعة
221,مدير الإدارة العامة للأعمال
222,مدير مشروع اول
223,مدير الإدارة العامة لتمكين التقنية
224,مدير الإدارة العامة للعمليات الداخلية
225,مدير إدارة متابعة المهام
226,مسؤول المتابعة و المهام
227,مدير الإدارة العامة للتطوير
228,مدير الإدارة العامة للبرمجيات الرئيسية
229,مدير الإدارة العامة لتشغيل المنصات الوطنية
230,مدير الإدارة العامة للجودة وإدارة الخدمة
231,مدير الإدارة العامة لبيانات قطاعات وزارة الداخلية
232,مدير الإدارة العامة للوثائق التعريفية
233,مدير الإدارة العامة للمواقع والفروع
234,أخصائي شؤون إدارية
235,أخصائي حسابات عملاء
236,خبير أول حسابات عملاء
237,نائب مساعد مدير المركز لشؤون وزارة الداخلية
238,أخصائي أول حلول برمجيات
239,مدير الإدارة العامة للبرامج
240,مدير الإدارة العامة لمنصة أبشر
241,مدير الإدارة العامة للتخطيط والأداء
242,أخصائي شراكات منظومة توكلنا
243,مدير الإدارة العامة للتطوير التقني
244,مدير إدارة التطوير التقني لمسار الخدمات الحكومية
245,مدير الإدارة العامة لضبط الجودة
246,مدير الإدارة العامة للتشغيل ودعم الأعمال
247,مسؤول الاتصالات الإدارية
248,أخصائي الاتصالات الإدارية
249,مسؤول المتابعة التنفيذية
250,مسؤول مراجعة فنية
251,مدير الإدارة العامة للمساندة الفنية و الإدارية
252,أخصائي أول حسابات عملاء
253,مستشار ومشرف على إدارة حسابات عملاء وزارة الداخلية قطاع السجون والمخدرات
254,أخصائي أول خدمة عملاء وزارة الداخلية
255,مستشار ومشرف على إدارة حسابات عملاء وزارة الداخلية قطاع ديوان الوزارة والمباحث
256,مسؤول حسابات عملاء
257,مدير إدارة حسابات عملاء وزارة الداخلية - قطاع الجوازات
258,مدير إدارة حسابات عملاء وزارة الداخلية-قطاع الأمن العام
259,مدير إدارة حسابات عملاء وزارة الداخلية -قطاع الأحوال المدنية
260,خبير حسابات عملاء
261,مدير إدارة حسابات عملاء وزارة الداخلية - قطاع امارات المناطق
262,فني إصلاح وصيانة
263,أخصائي صيانة أجهزة المواقع 
264,مدير قسم صيانة أجهزة المواقع
265,مدير قسم نشر التطبيقات
266,أخصائي نشر التطبيقات
267,أخصائي أول نشر التطبيقات
268,أخصائي نشر التطبيقات مساعد
269,مستشار ومشرف على إدارة حسابات عملاء وزارة الداخلية رئاسة أمن الدولة
270,مدير إدارة إجراءات العمل التشغيلية
271,مسؤول تشغيل وصيانة
272,فني دعم
273,مدير قسم خدمات المواقع
274,أخصائي أول خدمات المواقع
275,مسؤول علاقات حكومية
276,أخصائي أول علاقات حكومية
277,مدير إدارة العلاقات الحكومية
278,رئيس قسم إجراءات استراتيجية الخدمات
279,أخصائي التخطيط في التعرف المتقدم والهوية الرقمية
280,مدير إدارة التخطيط
281,أخصائي أول استراتيجية الأمن السيبراني
282,مدير إدارة استراتيجية الأمن السيبراني
283,أخصائي استراتيجية الأمن السيبراني
284,خبير استراتيجية الأمن السيبراني
285,مدير إدارة هيكلية الأمن السيبراني
286,أخصائي هيكلية الأمن السيبراني
287,أخصائي أول هيكلية الأمن السيبراني
288,خبير هيكلية الأمن السيبراني
289,مسؤول هيكلية الأمن السيبراني
290,أخصائي الحوكمة والالتزام
291,أخصائي أول الحوكمة والالتزام
292,مسؤول الحوكمة والالتزام
293,خبير الحوكمة والالتزام
294,مدير إدارة الحوكمة والالتزام
295,خبير المخاطر
296,مدير إدارة المخاطر
297,أخصائي المخاطر
298,أخصائي أول المخاطر
299,مسؤول المخاطر
300,أخصائي أول حماية وخصوصية البيانات
301,مسؤول حماية وخصوصية البيانات
302,أخصائي حماية وخصوصية البيانات
303,مدير ادارة حماية وخصوصية البيانات
304,أخصائي حوكمة الصلاحيات والوصول
305,خبير حوكمة الصلاحيات والوصول
306,مدير إدارة حوكمة الصلاحيات والوصول
307,أخصائي أول حوكمة الصلاحيات والوصول
308,أخصائي المراقبة والاستجابة
309,مسؤول المراقبة والاستجابة
310,أخصائي أول المراقبة والاستجابة
311,محلل مراقبة واستجابة أمنية
312,قائد فريق المراقبة والاستجابة
313,مدير إدارة المراقبة والاستجابة
314,أخصائي أول الأنظمة التقنية الأمنية
315,أخصائي الأنظمة التقنية الأمنية
316,مسؤول الأنظمة التقنية الأمنية
317,خبير الأنظمة التقنية الأمنية
318,مدير إدارة الأنظمة التقنية الأمنية
319,مسؤول المعلومات الاستباقية
320,خبير المعلومات الاستباقية
321,أخصائي المعلومات الاستباقية
322,مدير إدارة المعلومات الاستباقية
323,أخصائي أول المعلومات الاستباقية
324,أخصائي أول التحقيق الجنائي الرقمي
325,مسؤول التحقيق الجنائي الرقمي
326,مدير إدارة التحقيق الجنائي الرقمي
327,أخصائي التحقيق الجنائي الرقمي
328,أخصائي مراقبة أعمال أول
329,مدير إدارة تخطيط الأعمال
330,مدير مشروع مساعد
331,مدير إدارة تنفيذ الأعمال
332,مهندس تصميم الأنظمة والتطبيقات مساعد
333,مهندس أول تصميم الأنظمة والتطبيقات
334,مدير إدارة هيكلة وتصميم المنصات
335,مهندس تصميم الأنظمة والتطبيقات
336,مهندس تصميم بيانات 
337,مهندس أول تصميم بيانات
338,مدير إدارة هندسة خدمات البيانات
339,مهندس تصميم بيانات مساعد
340,مهندس أول جودة بيانات
341,مهندس جودة بيانات
342,مهندس جودة بيانات مساعد
343,مدير إدارة هندسة منظومة البيانات
344,مهندس بيانات مبتدئ
345,مهندس أول بيانات
346,مهندس ضمان الجودة مساعد
347,مدير إدارة ضمان الجودة
348,مهندس أول ضمان الجودة
349,مهندس ضمان الجودة
350,أخصائي أول حوكمة بيانات
351,مسؤول حوكمة بيانات
352,مدير إدارة أبحاث وبيانات تجربة العملاء
353,أخصائي أبحاث وبيانات تجربة العملاء
354,مدير إدارة متابعة وإدارة تجربة العملاء
355,أخصائي تجربة العملاء
356,أخصائي تخطيط ومتابعة حسابات العملاء
357,مدير إدارة تخطيط ومتابعة حسابات العملاء
358,أخصائي أول تخطيط ومتابعة حسابات العملاء
359,مسؤول تخطيط ومتابعة حسابات العملاء
360,مدير إدارة قطاع الجهات الخاصة
361,أخصائي أول حسابات العملاء
362,مدير إدارة قطاع التقنية والنقل
363,أخصائي دعم العملاء
364,مدير إدارة تخطيط ومتابعة دعم العملاء
365,مدير إدارة مركز التواصل
366,أخصائي أول عمليات مركز التواصل
367,مسؤول المركز الرقمي
368,مسؤول عمليات مركز التواصل
369,أخصائي عمليات مركز التواصل
370,مهندس شبكات
371,مهندس شبكات مساعد
372,(NIC) مدير إدارة الشبكات
373,قائد فريق شبكات
374,مهندس أول شبكات
375,خبير شبكات
376,مهندس أول خطوط الاتصالات
377,مهندس خطوط الاتصالات
378,قائد فريق خطوط الاتصالات
379,مدير إدارة الإتصالات
380,مهندس خطوط الاتصالات مساعد
381,مهندس أنظمة
382,مهندس أنظمة مساعد
383,فني شبكات
384,مهندس انظمة اول
385,قائد فريق أداء الأنظمة والتقارير
386,مهندس أول أنظمة
387,خبير تخزين والنسخ الاحتياطي
388,مهندس تخزين والنسخ الاحتياطي مساعد
389,مهندس أول تخزين والنسخ الاحتياطي
390,مستشار ومشرف على إدارة التخزين والنسخ الاحتياطي
391,مهندس تخزين والنسخ الاحتياطي 
392,مهندس أول الأنظمة الموزعة
393,مهندس الأنظمة الموزعة مساعد
394,خبير أنظمة الموزعة
395,مهندس الأنظمة الموزعة
396,مهندس الأنظمة المركزية
397,مدير إدارة الانظمة الموزعة
398,مهندس الأنظمة المركزية مساعد
399,مدير إدارة الأنظمة المركزية
400,مهندس أول أنظمة المركزية
401,مهندس أول الأنظمة المركزية
402,مهندس قواعد بيانات الأنظمة المركزية
403,خبير قواعد بيانات الأنظمة المركزية
404,مهندس قواعد بيانات الأنظمة المركزية مساعد
405,مهندس أول قواعد بيانات الأنظمة المركزية
406,مدير إدارة قواعد بيانات الأنظمة المركزية
407,مدير إدارة قواعد بيانات الأنظمة الموزعة
408,مهندس أول قواعد بيانات الأنظمة الموزعة
409,خبير قواعد بيانات الأنظمة الموزعة
410,مهندس قواعد بيانات الأنظمة الموزعة مساعد
411,مهندس قواعد بيانات الأنظمة الموزعة
412,قائد فريق قواعد بيانات الأنظمة الموزعة
413,مهندس أول تشغيل التطبيقات
414,مهندس تشغيل التطبيقات مساعد
415,مدير إدارة تشغيل التطبيقات
416,قائد فريق تشغيل التطبيقات
417,مهندس تشغيل التطبيقات
418,مهندس تشغيل تطبيقات
419,مهندس البيانات الكبيرة
420,مهندس قواعد بيانات مساعد
421,مهندس البيانات الكبيرة مساعد
422,خبير البيانات الكبيرة
423,مهندس أول البيانات الكبيرة
424,قائد فريق البيانات الكبيرة
425,مستشار لمساعد مدير المركز للتقنيات الرقمية والمشرف على إدارة البيانات الكبيرة
426,مهندس صلاحيات الأنظمة
427,مهندس اول صلاحيات الأنظمة
428,مهندس صلاحيات الأنظمة مساعد
429,قائد فريق صلاحيات الأنظمة
430,خبير صلاحيات الأنظمة
431,مدير إدارة صلاحيات الأنظمة
432,مهندس حماية البنية التحتية والتطبيقات مساعد
433,خبير حماية البنية التحتية والتطبيقات
434,مهندس اول حماية البنية التحتية والتطبيقات
435,مهندس أمن تطبيقات أول
436,مهندس حماية البنية التحتية والتطبيقات
437,مدير ادارة حماية البنية التحتية والتطبيقات
438,مهندس طاقة
439,مهندس أول طاقة
440,مدير إدارة الطاقة
441,مهندس طاقة مساعد
442,فني طاقة
443,مهندس طاقة مبتدئ
444,مهندس مراكز البيانات
445,مهندس مراكز البيانات مساعد
446,خبير مراكز البيانات
447,فني مراكز بيانات مساعد
448,مستشار لمساعد مدير المركز للمنصات الوطنية والمشرف على إدارة مراكز البيانات
449,مهندس اول مراكز البيانات
450,منسق مراكز بيانات
451,فني مراكز بيانات
452,مهندس مركز البيانات
453,مهندس مراكز بيانات أول
454,مدير إدارة الحسابات التقنية
455,مدير أول الحسابات التقنية
456,مدير الحسابات التقنية
457,قائد فريق الحسابات التقنية
458,مدير الحسابات التقنية مساعد
459,خبير تصميم وحوكمة البنية التحتية
460,مدير إدارة تصميم وحوكمة البنية التحتية
461,مهندس تصميم وحوكمة البنية التحتية مساعد
462,مهندس أول تصميم وحوكمة البنية التحتية
463,اخصائي تصميم وحوكمة البنية التحتية أول
464,مهندس أداء الأنظمة والتقارير مساعد
465,مدير إدارة أداء الأنظمة والتقارير
466,مهندس أول أداء الأنظمة والتقارير
467,مهندس أداء الأنظمة والتقارير
468,مهندس مساعد أداء الأنظمة والتقارير
469,مدير إدارة توليد الطلب
470,محلل أعمال أول
471,مدير إدارة تحليل الأعمال
472,أخصائي طلبات التعرف
473,أخصائي أول هيكلة الأنظمة
474,مدير إدارة هيكلة الأنظمة
475,أخصائي هيكلة الأنظمة
476,أخصائي الجودة التقنية للأنظمة
477,مدير إدارة الجودة التقنية للأنظمة
478,خبير الجودة التقنية للأنظمة
479,مسؤول دعم فني
480,أخصائي أول دعم فني
481,أخصائي دعم فني
482,مدير إدارة الدعم الفني للأنظمة
483,مدير الإدارة العامة للتخطيط ومتابعة المهام
484,أخصائي أول جودة الأعمال
485,مدير إدارة جودة الأعمال
486,خبير جودة الأعمال
487,مسؤول جودة الأعمال
488,أخصائي أول استمرارية أعمال الحوسبة السحابية
489,مسؤول استمرارية أعمال الحوسبة السحابية
490,أخصائي استمرارية أعمال الحوسبة السحابية
491,مدير إدارة السعات و استمرارية أعمال الحوسبة السحابية
492,أخصائي تميز خدمات الحوسبة
493,مدير إدارة تميز خدمات الحوسبة السحابية
494,مسؤول تميز خدمات الحوسبة السحابية
495,مسؤول تميز خدمات الحوسبة
496,أخصائي أول تميز خدمات الحوسبة
497,أخصائي أول هندسة الحوسبة السحابية
498,أخصائي هندسة الحوسبة السحابية
499,مدير هندسة الحوسبة السحابية
500,أخصائي تصميم هيكلة السحابة أول
501,مدير إدارة منتجات الحوسبة السحابية
502,مسؤول تنفيذ مشاريع الحوسبة السحابية
503,مدير إدارة تنفيذ مشاريع الحوسبة السحابية
504,أخصائي تنفيذ مشاريع الحوسبة السحابية
505,أخصائي أول تنفيذ مشاريع الحوسبة السحابية
506,أخصائي أول إطلاق خدمات الحوسبة السحابية
507,أخصائي إطلاق خدمات الحوسبة السحابية
508,مدير إدارة إطلاق خدمات الحوسبة السحابية
509,خبير تشغيل شبكات الحوسبة السحابية
510,مدير إدارة تشغيل شبكات الحوسبة السحابية
511,أخصائي أول تشغيل شبكات الحوسبة السحابية
512,أخصائي تشغيل شبكات الحوسبة السحابية
513,مسؤول تشغيل حزم الحوسبة السحابية
514,أخصائي أول تشغيل حزم الحوسبة السحابية
515,مدير إدارة تشغيل حزم الحوسبة السحابية
516,أخصائي تشغيل حزم الحوسبة السحابية
517,أخصائي أول تشغيل البنية التحتية للحوسبة السحابية
518,مدير إدارة تشغيل البنية التحتية للحوسبة السحابية
519,أخصائي أول هندسة أمن الحوسبة السحابية
520,مسؤول هندسة أمن الحوسبة السحابة
521,مدير إدارة هندسة أمن الحوسبة السحابية
522,Cloud Computing Applications Security Department Manager
523,مسؤول الهيكلة الأمنية لتطبيقات الحوسبة السحابية
524,أخصائي تصميم الهيكلة الأمنية لتطبيقات الحوسبة السحابية
525,مسؤول تصميم الهيكلة الأمنية لتطبيقات الحوسبة السحابية
526,أخصائي أول أمن البنية التحتية للحوسبة السحابية
527,أخصائي أمن البنية التحتية للحوسبة السحابية
528,مسؤول أمن البنية التحتية للحوسبة السحابية
529,خبير أمن البنية التحتية للحوسبة السحابية
530,مدير إدارة أمن البنية التحتية للحوسبة السحابية
531,مدير إدارة الهوية والصلاحية للحوسبة السحابية
532,مسؤول الهوية والصلاحية للحوسبة السحابية
533,أخصائي الهوية والصلاحية للحوسبة السحابية
534,أخصائي أول الهوية والصلاحية للحوسبة السحابية
535,مسؤول الدعم والمراقبة للحوسبة السحابية
536,أخصائي الدعم والمراقبة للحوسبة السحابية
537,مدير إدارة الدعم والمراقبة للحوسبة السحابية
538,أخصائي أول مشاركة العملاء الحوسبة السحابية
539,مدير إدارة مشاركة العملاء للحوسبة السحابية
540,أخصائي مشاركة العملاء الحوسبة السحابية
541,مسؤول مشاركة العملاء الحوسبة السحابية
542,أخصائي أول الأنظمة المدارة الحوسبة السحابية
543,أخصائي الأنظمة المدارة الحوسبة السحابية
544,أخصائي أول الخدمات الاحترافية للحوسبة السحابية
545,أخصائي الخدمات الاحترافية للحوسبة السحابية
546,مسؤول الخدمات الإحترافية الحوسبة السحابية
547,مدير إدارة الخدمات الإحترافية للحوسبة السحابية
548,مدير إدارة تخطيط أعمال الحوسبة السحابية
549,مسؤول تخطيط أعمال الحوسبة السحابية
550,أخصائي تخطيط أعمال الحوسبة السحابية
551,أخصائي أول تخطيط أعمال الحوسبة السحابية
552,مستشار لمساعد مديرالمركزلشؤون وزارة الداخلية والمشرف على إدارة الخدمات الاقليمية
553,مسؤول إدارة الفروع
554,مدير مكتب إدارة الفروع
555,أخصائي خدمة عملاء
556,مدير مكتب خدمة عملاء وزارة الداخلية
557,مسؤول مساندة عملاء
558,أخصائي مساندة عملاء
559,أخصائي أول مساندة عملاء
560,مدير إدارة مساندة عملاء وزارة الداخلية
561,أخصائي حلول برمجيات
562,أخصائي تشغيل
563,محلل أول برمجيات
564,أخصائي أول تشغيل
565,محلل برمجيات
566,مدير إدارة برنامج نظم السفر والمنافذ
567,مطور برمجيات
568,أخصائي دعم فني مساعد
569,مدير إدارة برنامج المبادرات الأمنية
570,مطور برمجيات خبير أول
571,مدير إدارة برنامج نظم شموس
572,مدير إدارة التسويق وتطوير الأعمال
573,مدير إدارة المحتوى الرقمي
574,مدير إدارة الأمن السيبراني للخدمات الإلكترونية أبشر
575,مدير إدارة الحلول الرقمية
576,خبير تشغيل خدمات الكترونية
577,مدير إدارة تشغيل ودعم البنية التحتية
578,مسؤول تشغيل خدمات الكترونية
579,مدير إدارة التنسيق والمتابعة
580,فني نظم مساعد
581,مصمم برمجيات مساعد
582,مصمم برمجيات
583,مصمم أول برمجيات
584,مدير إدارة تصميم البرمجيات
585,محلل برمجيات مساعد
586,محلل برمجيات خبير
587,مدير إدارة تحليل البرمجيات
588,أخصائي إدارة البرمجيات
589,أخصائي توثيق برمجيات
590,أخصائي أول توثيق برمجيات
591,مدير إدارة توثيق البرمجيات
592,مدير إدارة تطوير الخدمات الوسيطة
593,مطور أول برمجيات
594,مدير إدارة تطوير التكامل
595,مطور برمجيات خبير
596,مدير إدارة تطوير البوابات
597,مدير إدارة البرمجيات المشتركة
598,مدير إدارة برمجيات الوثائق والمركبات
599,مدير إدارة برمجيات المنافذ والوافدين
600,مدير إدارة البرمجيات الأمنية
601,مدير إدارة البرمجيات المؤسسية
602,خبير تشغيل البرمجيات
603,أخصائي تشغيل مساعد
604,مدير إدارة تشغيل البرمجيات
605,مدير إدارة دعم تشغيل البرمجيات
606,أخصائي تشغيل برمجيات
607,أخصائي أول اختبار البرمجيات
608,اخصائي اختبار البرمجيات مساعد
609,مدير إدارة اختبار البرمجيات
610,أخصائي خدمات البرمجيات
611,مدير إدارة خدمات البرمجيات
612,اخصائي اول ادارة البرمجيات
613,مدير إدارة مكتب إدارة البرمجيات
614,خبير إدارة البرمجيات
615,اخصائي جودة البرمجيات مساعد
616,أخصائي جودة البرمجيات
617,اخصائي أول جودة البرمجيات
618,مدير الإدارة العامة لاستمرارية الاعمال
619,أخصائي أول المخاطر التشغيليه التقنية
620,مسؤول المخاطر التشغيليه التقنية
621, مدير إدارة المخاطر التشغيلية التقنية
622,مسؤول المخاطر التقنية
623,اخصائي استمرارية الاعمال التقنية
624,اخصائي أول استمرارية الاعمال التقنية
625,مسؤول استمرارية الأعمال والمخاطر التقنية
626,أخصائي استمرارية الأعمال والمخاطر التقنية
627,أخصائي الدعم الفني
628,مدير إدارة الدعم الفني للخدمات التقنية
629,اخصائي الجودة الشاملة
630,أخصائي أول الدعم الفني
631,أخصائي أول الجودة الشاملة
632,أخصائي أنظمة الوثائق التعريفية
633,مدير إدارة الوثائق والأنظمة
634,أخصائي الأنظمة
635,مدير إدارة عمليات الطباعة المركزية
636,أخصائي أول الأنظمة
637,مسؤول الأنظمة
638,مدير قسم الدعم الفني
639,مدير قسم الإنتاج
640,مدير قسم فحص الجودة
641,أخصائي الفحص والجودة
642,أخصائي أول الفحص والجودة
643,منسق فحص الجودة
644,أخصائي المخزون الأمني
645,مدير قسم المخزون الأمني
646,مدير الإدارة العامة للمنتجات
647,مدير إدارة تشغيل تكامل البرمجيات
648,مسؤول اختبارات اختراق
649,مدير إدارة اختبار الإختراق
650, مسؤول الحوكمة والالتزام
651,مسؤول أختبار الاختراق
652,أخصائي اختبار الاختراق 
653,مسؤول تقييم الثغرات
654,خبير تقييم الثغرات
655,أخصائي تقييم الثغرات
656,مدير إدارة تقييم الثغرات
657,مدير الإدارة العامة لتشغيل الأنظمة و الخدمات
658,مهندس تشغيل خدمات البيانات مساعد
659,مهندس تشغيل خدمات البيانات
660,مهندس أول تشغيل خدمات البيانات
661,مهندس أنظمة التشغيل مساعد
662,مهندس أنظمة التشغيل
663,مهندس أول انظمة التشغيل
664,مدير إدارة تشغيل أنظمة البنية التحتية
665,مهندس تشغيل أنظمة البيانات مساعد
666,مدير إدارة تشغيل أنظمة البيانات
667,مهندس تشغيل أنظمة البيانات 
668,مهندس أول تشغيل أنظمة البيانات
669,مدير الإدارة العامة لتشغيل خدمات الحوسبة السحابية
670,أخصائي برمجيات الحوسبة السحابية
671,مدير الإدارة العامة لتطوير خدمات الحوسبة السحابية
672,أخصائي أول برمجيات الحوسبة السحابية
673,مدير إدارة تشغيل برمجيات الحوسبة السحابية
674,أخصائي أول تشغيل برمجيات الحوسبة السحابية
675,اخصائي تشغيل برمجيات الحوسبة السحابية
676,مسؤول تشغيل برمجيات الحوسبة السحابية
677,أخصائي تشغيل أنظمة الحوسبة السحابية
678,أخصائي أول تشغيل أنظمة الحوسبة السحابية
679,مدير إدارة تشغيل أنظمة الحوسبة السحابية
680,أخصائي تشغيل منصات الحوسبة السحابية
681,أخصائي أول الأتمتة والتكامل للحوسبة السحابية
682,أخصائي أول تشغيل منصات الحوسبة السحابية
683,مسؤول تشغيل منصات الحوسبة السحابية
684,أخصائي تجربة واجهات المستخدم للحوسبة السحابية
685,أخصائي تجرية واجهات المستخدم للحوسبة السحابية
686,مسؤول تجربة واجهات المستخدم للحوسبة السحابية
687,مدير إدارة تجربة واجهات المستخدم للحوسبة السحابية
688,أخصائي الأتمتة والتكامل للحوسبة السحابية
689,مدير إدارة الأتمتة والتكامل وهندسة البرمجيات للحوسبة السحابية
690,خبير الأتمتة والتكامل للحوسبة السحابية
691,مسؤول اتمته و التكامل للحوسبة السحابية 
692,مسؤول برمجيات الحوسبة السحابية
693,خبير برمجيات الحوسبة السحابية
694,أخصائي تطوير خدمات الحوسبة السحابية
695,مدير إدارة قطاع الثقافة والإعلام وتطوير المدن
696,مدير إدارة قطاع المال والتجارة والصناعة
697,مدير إدارة قطاع التنمية والعمل
698,مدير إدارة قطاع الصحة والتعليم
699,مساعد مدير المركز للاتصالات الآمنة
700,أخصائي أول الأنظمة والشبكات الآمنة
701,أخصائي إجراءات تصميم الخدمات
702,رئيس قسم إجراءات تصميم الخدمات
703,رئيس قسم التميز في الخدمات التقنية
704,أخصائي هيكلة انظمة المعلومات مساعد
705,اخصائي أول أدوات الهيكلة المؤسسية
706,مدير قسم أدوات المعمارية المؤسسية
707,أخصائي أدوات المعمارية المؤسسية
708,مدير الإدارة العامة للإنجاز
709,مدير إدارة إنجاز مسار التواصل
710,مدير إدارة إنجاز مسار الخدمات الأساسية
711,أخصائي أول الشركاء والتمكين الرقمي
712,مدير مكتب مساعد مدير المركز للاتصالات الآمنة
713,مدير إدارة الحوكمة والامتثال
714,مسؤول حوكمة وامتثال
715,اخصائي الحوكمة والامتثال مساعد
716,مدير الإدارة العامة لمركز عمليات الاتصالات الآمنة
717,نائب مساعد مدير مركز المعلومات الوطني للإتصالات الآمنة
718,مدير عام الإدارة العامة للتطوير الآمن
719,أخصائي أول عمليات الاتصالات الآمنة
720,أخصائي عمليات الاتصالات الآمنة مساعد
721,مدير إدارة عمليات الاتصالات الآمنة
722,أخصائي عمليات الاتصالات الآمنة
723,أخصائي المراقبة والاستجابة مساعد
724,أخصائي الأنظمة والشبكات الآمنة مساعد
725,مدير إدارة الأنظمة والشبكات الآمنة
726,خبير الأنظمة والشبكات الآمنة
727,اخصائي الأصول والتركيبات مساعد
728,مدير إدارة الأصول والتركيبات
729,أخصائي تصميم التطبيقات الآمنة
730,اخصائي تصميم التطبيقات الآمنة مساعد
731,اخصائي اول تصميم التطبيقات الامنه
732,أخصائي أول تصميم التطبيقات الآمنة
733,مدير إدارة تطوير التطبيقات الآمنة
734,مدير إدارة تصميم التطبيقات الآمنة
735,أخصائي تطوير التطبيقات الآمنة
736,أخصائي أول تطوير التطبيقات الآمنة
737,Business Intelligence Department Manager
738,مدير قسم تطوير مراصد المعلومات وتحليل البيانات
739,مسؤول دعم معلوماتي
740,مدير قسم الدعم المعلوماتي والتقارير
741,أخصائي دعم معلوماتي مساعد
742,Data Optimization Department Manager
743,مدير إدارة تنفيذ البرامج الإستراتيجية
744,أخصائي إدارة مشاريع
745,مدير مشروع برامج السحابة الخاصة
746,مدير برنامج مراكز البيانات
747,مدير قسم برنامج مراكز البيانات
748,مدير برنامج السحابة الخاصة
749,مدير قسم برنامج السحابة الخاصة
750,Networks & Communications Program Section Head
751,مدير برنامج الشبكات والاتصالات
752,مهندس اول الحلول الرقمية
753,مدير قسم الحلول الرقمية
754,مدير قسم البيانات المدارة
755,أخصائي توثيق الإجراءات
756,مدير قسم توثيق الإجراءات
757,مسؤول توثيق الإجراءات
758,اخصائي أول قياس وتحسين الإجراءات
759,اخصائي أول التخطيط ومتابعة التحسن
760,مدير قسم التخطيط ومتابعة التحسن
761,مسؤول متابعة الامتثال
762,مدير قسم المعايير التشغيلية
763,أخصائي أول المعايير التشغيلية
764,اخصائي متابعة الامتثال
765,اخصائي أول متابعة الامتثال
766,مدير قسم متابعة الامتثال
767,مدير مكتب مساعد مدير مركز للأمن السيبراني
768,مهندس دعم فني
769,أخصائي إدارة مشاريع التحول الرقمي
770,أخصائي تحليل برمجيات أول
771,أخصائي مراكز اتصال أول
772,أخصائي أول صلاحيات وصول
773,دعم فني
774,أخصائي جودة وأداء التحول الرقمي
775,مسؤول الشبكة المحلية
776,أخصائي حوكمة تحول رقمي أول
777,مسؤول مراكز الاتصال الداخلي
778,أخصائي أصول رقمية أول
779,محلل أول التكوين
780,مدير خدمة تقنية المعلومات
781,محلل أول نظم
782,مسؤول ضمان الجودة
783,أخصائي نضج رقمي أول
784,مدير الإدارة العامة لخدمات التحول الرقمي
785,أخصائي أول خدمات تحول رقمي
786,مسؤول مجالس ولجان
787,أخصائي مجالس ولجان
788,مسؤول اعداد محتوى
789,مسؤول تصميم جرافيك
790,أخصائي الاستجابة السريعة
791,مسؤول الاستجابة السريعة
792,مستشار معالي مدير مركز المعلومات الوطني
793,مدير إدارة الاستجابة السريعة
794,مدير الإدارة العامة لمكتب المستشارين
795,مدير قسم المتابعة التنفيذية
796,مدير قسم المراسم و العلاقات
797,مدير قسم السكرتارية
798,مدير إدارة المراجعة الفنية
799,أخصائي أول مراجعة الفنية
800,مدير الإدارة العامة للخدمات المدارة
801,مدير إدارة الخدمات المدارة للبرامج الوطنية
802,مسؤول أمن المنتجات
803,أخصائي أول أمن المنتجات
804,أخصائي أمن المنتجات
805,مدير الإدارة العامة للتصديق الرقمي
806,نائب مساعد مدير المركز للتعرف المتقدم والهوية الرقمية
807,أخصائي أول مراكز التصديق
808,مدير إدارة مراكز التصديق
809,أخصائي مراكز التصديق
810,مسؤول مراكز التصديق
811,مدير إدارة حوكمة الثقة الرقمية
812,مسؤول حوكمة الثقة الرقمية
813,خبير حوكمة الثقة الرقمية
814,اخصائي أول حوكمة الثقة الرقمية
815,مسؤول علاقات وتكامل
816,أخصائي أول العلاقات و التكامل
817,أخصائي علاقات وتكامل
818,مدير إدارة العلاقات والتكامل
819,أخصائي أول مراقبة الأنظمة
820,فني مراقبة الأنظمة
821,مسؤول مراقبة الأنظمة
822,مدير قسم مراقبة الأنظمة
823,مسؤول خدمات الحوسبة
824,أخصائي خدمات الحوسبة
825,مدير قسم خدمات الحوسبة
826,مدير قسم تطوير واجهات المنتجات
827,مطور أنظمة
828,مطور أول أنظمة
829,مطور أنظمة مساعد
830,مدير قسم تطوير أنظمة الهوية المركزية
831,مدير قسم تطوير أنظمة التعرف المركزية
832,مدير قسم طلبات التعرف
833,مدير قسم طلبات الهوية
834,أخصائي اول التحول إلى إدارة البيانات والذكاء الاصطناعي
835,مدير الإدارة العامة لتطوير الخدمات والحلول التقنية
836,خبير  تطوير الخدمات والحلول التقنية
837,أخصائي أول تطوير المنتجات
838,أخصائي تطوير المنتجات
839,مسؤول الدعم الفني
840,مهندس برمجيات متقدم
841,مهندس برمجيات قائد
842,مدير إدارة تطوير البرمجيات التحليلة
843,مهندس برمجيات خبير
844,مهندس جودة البرمجيات
845,مهندس جودة البرمجيات متقدم
846,مدير إدارة مراقبة جودة المنتجات التحليلية
847,مدير الإدارة العامة لمنتجات تحليلات الوسائط
848,مساعد الرئيس التنفيذي لقطاع دعم اتخاذ القرار
849,مدير الإدارة العامة للتحليلات المصورة
850,مدير الإدارة العامة للدراسات الخاصة
851,محلل اقتصادي خبير
852,محلل أعمال قائد
853,مدير إدارة التحليلات المتقدمة والنمذجة
854,عالم بيانات متقدم
855,مدير إدارة التحليلات السريعة
856,مدير إدارة معمارية البيانات
857,مهندس بيانات متقدم
858,مدير إدارة تحليل الأعمال والنظم
859,خبير تحليل أعمال
860,مدير أول مشروع
861,مدير مشروع قائد
862,مدير الإدارة العامة للدراسات التحليلة
863,محلل اقتصادي قائد
864,مدير إدارة دراسات السياسات العامة
865,مدير إدارة دراسات الموارد الحكومية
866,مدير إدارة تحليلات البيانات والنمذجة
867,عالم بيانات قائد
868,مدير إدارة تصميم الاعمال والمحتوى
869,مهندس تصوير بيانات متقدم
870,مهندس تصوير بيانات
871,مدير إدارة تصوير البيانات في قطاع دعم اتخاذ القرار
872,مدير إدارة تطوير التحليلات
873,مهندس أنظمة متقدم
874,مدير إدارة هندسة الانظمة
875,مهندس أنظمة خبير
876,مهندس منصات
877,مهندس منصات قائد
878,مهندس منصات متقدم
879,مهندس منصات خبير
880,مدير إدارة هندسة المنصات
881,مهندس أمن سيبراني
882,مدير إدارة أمن الانظمة والشبكات
883,خبير خدمات تقنية
884,أخصائي خدمات تقنية قائد
885,مدير إدارة توحيد وتكامل البيانات
886,مدير مكتب مساعد الرئيس التنفيذي لقطاع تقنيات الرؤية الحاسوبية والصوت
887,مدير مكتب الرئيس التنفيذي لقطاع دعم إتخاذ القرار
888,مدير مكتب مساعد الرئيس التنفيذي لقطاع أنظمة البيانات والبنى التحتية
889,مدير إدارة منتجات تحليلات الوسائط
890,مدير إدارة تطوير برمجيات تحليلات الوسائط
891,مهندس جودة البرمجيات قائد
892,مدير إدارة مراقبة جودة منتجات تحليلات الوسائط
893,مدير الإدارة العامة لمنتجات دعم اتخاذ القرار
894,مدير إدارة منتجات دعم أتخاذ القرار
895,مدير إدارة تطوير برمجيات دعم اتخاذ القرار
896,مهندس جودة برمجيات قائد
897,مدير إدارة مراقبة جودة منتجات دعم اتخاذ القرار
898,مدير الإدارة العامة لتكامل المنتجات
899,مهندس واجهات وتجربة مستخدم
900,مدير إدارة التصميم وتجربة المستخدم
901,مدير إدارة تكامل المنتجات
902,مدير إدارة تطوير حلول دعم المنصات
903,مدير إدارة تطوير حلول أتمتة الجودة
904,مدير إدارة تجربة المستخدم
905,مصمم تجربة مستخدم مساعد
906,أخصائي تقنية
907,مهندس تجربة مستخدم
908,مهندس أول تجربة مستخدم
909,مدير عام إدارة تطوير المنتجات
910,مهندس جودة برمجيات مساعد
911,مدير إدارة جودة البرمجيات
912,أخصائي توسيم بيانات
913,مدير إدارة توسيم البيانات
914,أخصائي توسيم بيانات قائد
915,أخصائي أول توسيم بيانات
916,مدير إدارة هندسة البيانات
917,مساعد الرئيس التنفيذي لقطاع أنظمة البيانات والبنى التحتية
918,مدير الإدارة العامة للاشراف التقني على البيانات
919,مدير الإدارة العامة لإدارة البيانات
920,مشرف بيانات
921,مدير إدارة عمليات البيانات والصلاحيات
922,مشرف بيانات متقدم
923,مهندس بيانات قائد
924,مدير إدارة حلول البيانات
925,مدير الإدارة العامة لإدارة الانظمة والبنى التحتية
926,مدير مكتب مساعد الرئيس التنفيذي لقطاع الذكاء الاصطناعي التوليدي
927,مساعد الرئيس التنفيذي لقطاع الذكاء الاصطناعي التوليدي
928,مدير الإدارة العامة للذكاء الاصطناعي التوليدي
929,مدير إدارة تطوير أعمال الذكاء الاصطناعي التوليدي
930,مدير إدارة تخطيط أعمال الذكاء الاصطناعي التوليدي
931,مدير الإدارة العامة لتطوير وهندسة الخوارزميات المتقدمة
932,مدير إدارة هندسة حلول الذكاء الاصطناعي التوليدي
933,مهندس بيانات خبير
934,عالم بيانات خبير
935,مدير إدارة تطوير الخوارزميات والتحليلات المتقدمة
936,مدير الإدارة العامة لتطوير حلول الذكاء الاصطناعي التوليدي
937,مهندس ذكاء اصطناعي خبير
938,مدير إدارة تطوير تطبيقات الذكاء الاصطناعي التوليدي
939,مساعد الرئيس التنفيذي لقطاع تقنيات الرؤية الحاسوبية والصوت
940,مدير إدارة منتجات الرؤية الحاسبوية
941,مدير إدارة تطوير نماذج الرؤية الحاسوبية
942,مدير إدارة علم البيانات وتقييم نماذج الرؤية الحاسوبية
943,مدير الإدارة العامة لتطوير تقنيات الصوت
944,مدير إدارة منتجات تقنيات الصوت
945,مدير الإدارة العامة لهندسة تقنيات الرؤية الحاسوبية والصوت
946,مدير إدارة هندسة نظم الرؤية الحاسوبية والصوت
947,مدير إدارة ضمان الجودة واستمرارية الأعمال
948,مدير إدارة عمليات تعلم الآله لتقنيات الرؤية الحاسوبية والصوت
949,مساعد الرئيس التنفيذي لقطاع أنظمة المراقبة الذكية
950,مدير إدارة حسابات المستخدمين
951,أخصائي تخطيط استراتيجي
952,مدير إدارة تحليل ودعم أعمال منصة سواهر
953,مدير إدارة الاختبار والجودة لمنصة سواهر
954,أخصائي أول اختبار وجودة
955,أخصائي أول تصميم حلول تقنية
956,مدير الإدارة العامة لمشاريع الكاميرات والمواقع
957,مدير إدارة تخطيط ومتابعة مشاريع الكاميرات والمواقع
958,أخصائي أول مشاريع تقنية
959,مدير إدارة تنفيذ مشاريع الكاميرات والمواقع
960,أخصائي أول خدمات تقنية
961,أخصائي خدمات تقنية
962,مدير الإدارة العامة لمنصة سواهر
963,مدير إدارة تصميم الحلول التقنية لمنصة سواهر
964,أخصائي تشغيل وصيانة
965,مدير قسم التشغيل و الصيانة فرع الطائف
966,مدير قسم الدعم والمساندة
967,مدير قسم الشؤون الادارية والمالية فرع الطائف
968,مسؤول شؤون إدارية
969,مدير فرع مركز المعلومات الوطني بمحافظة الطائف
970,أخصائي أول تشغيل وصيانة
971,مدير إدارة التشغيل و الصيانة - بفرع منطقة الباحة
972,محترف دعم أول
973,مدير قسم الشؤون الادارية والمالية - فرع مركز المعلومات الوطني بمنطقة الباحة
974,مدير فرع مركز المعلومات الوطني بمنطقة الباحة
975,مدير إدارة التشغيل والصيانة - حائل
976,أخصائي دعم
977,مدير قسم الدعم والمساندة فرع حائل
978,أمين مخزون و مستودعات فرع منطقة حائل
979,مدير فرع مركز المعلومات الوطني بمنطقة حائل
980,مدير قسم التشغيل والصيانة فرع جازان
981,مدير قسم الدعم والمساندة فرع جازان
982,مدير قسم الشؤون الإدارية و المالية -فرع جازان
983,أمين مخزون و مستودعات فرع منطقة جازان
984,مدير فرع المركز بمنطقة جازان
985,فني صيانة
986,مدير قسم التشغيل و الصيانة - فرع أبها
987,مدير قسم الشؤون الادارية والمالية
988,أمين مستودع مساعد
989,مدير قسم الدعم والمساندة بفرع منطقة عسير
990,مسؤول دعم
991,مدير فرع مركز المعلومات في منطقة عسير
992,مدير قسم التشغيل والصيانة - فرع مركز المعلومات الوطني بمنطقة نجران
993,مدير قسم الدعم والمساندة فرع نجران
994,مدير قسم الشؤون الإدارية و المالية - فرع مركز المعلومات الوطني بمنطقة نجران
995,أمين مخزون و مستودعات فرع منطقة نجران
996,مدير فرع مركز المعلومات الوطني بمنطقة نجران
997,مدير شعبة مطار الامير محمد بن عبدالعزيز
998,مدير شعبة محافظة ينبع
999,فني تشغيل وصيانة
1000,خبير دعم ومساندة
1001,مدير قسم الدعم والمساندة فرع المدينة المنورة
1002,أخصائي أول دعم
1003,مدير قسم الشؤون الإدارية والمالية بفرع منطقة المدينة المنورة
1004,أمين مخزون و مستودعات فرع منطقة المدينة المنورة
1005,مدير فرع مركز المعلومات الوطني بمنطقة المدينة المنورة
1006,مدير قسم التشغيل والصيانة بفرع مركز المعلومات الوطني بمنطقة الجوف
1007,مدير شعبة القريات
1008,مدير قسم الدعم والمساندة في فرع مركز المعلومات الوطني بمنطقة الجوف
1009,مدير فرع مركز المعلومات الوطني بمنطقة الجوف
1010,مدير قسم الشؤون الإدارية والمالية - فرع المركز بمنطقة الجوف
1011,مدير ادارة التشغيل والصيانة فرع عرعر
1012,مدير قسم الدعم والمساندة بفرع مركز المعلومات الوطني بمنطقة الحدود الشمالية
1013,مدير قسم الشؤون الإدارية والمالية فرع عرعر
1014,مدير فرع مركز المعلومات الوطني بمنطقة الحدود الشمالية
1015,مدير قسم التشغيل و الصيانة فرع تبوك
1016,مدير قسم الدعم والمساندة فرع تبوك
1017,مدير قسم الشؤون الادارية والمالية فرع تبوك
1018,مدير فرع مركز المعلومات الوطني بمنطقة تبوك
1019,فني حاسب
1020,مدير شعبة محافظة حفر الباطن
1021,مدير قسم الدعم والمساندة بالمنطقة الشرقية
1022,مدير قسم الشؤون الادارية والمالية بالمنطقة الشرقية
1023,مدير قسم التشغيل والصيانة فرع الدمام
1024,مدير فرع مركز المعلومات الوطني بالمنطقة الشرقية
1025,مدير قسم الشئون الادارية والمالية بفرع منطقة مكة المكرمة
1026,مدير قسم التشغيل والصيانة - فرع جدة
1027,مدير فرع مركز المعلومات الوطني بمنطقة مكة المكرمة
1028,مدير شعبة العاصمة المقدسة
1029,مدير شعبة مطار الملك خالد
1030,مدير شعبة ديوان الوزارة
1031,مدير شعبة جنوب منطقة الرياض
1032,مدير قسم التشغيل والصيانة-فرع الرياض
1033,مدير قسم الدعم والمساندة بفرع منطقة الرياض
1034,فني اتصالات
1035,مدير قسم الشئون الإدارية والمالية بفرع الرياض
1036,مستشار لمدير مركز المعلومات الوطني ومشرف على فرع المركز بمنطقة الرياض
1037,مدير قسم الشؤون الادارية والمالية فرع القصيم
1038,مدير قسم التشغيل والصيانة بفرع مركز المعلومات الوطني بمنطقة القصيم
1039,مراقب جودة
1040,مدير فرع مركز المعلومات الوطني بمنطقة القصيم
1041,مدير الإدارة العامة لمنصة بناء القدرات والمحتوى الرقمي
1042,مسؤول تصميم المحتوى الرقمي
1043,مسؤول منصة بناء القدرات
1044,أخصائي منصة بناء القدرات
1045,أخصائي تصميم المحتوى الرقمي
1046,مهندس برمجيات أول
1047,Technical Project Manager
1048,مدير عام مركز التميز للبرمجيات
1049,كبير باحثي الذكاء الاصطناعي
1050,مهندس ذكاء اصطناعي
